<?xml version="1.0" encoding="UTF-8"?>
<keymap>
	<binding key="&lt;L&gt;" action="showLibrary"/>
	<binding key="&lt;O&gt;" action="preferences"/>
	<binding key="&lt;C&gt;" action="toc"/>
	<binding key="&lt;F&gt;" action="search"/>
	<binding key="&lt;P&gt;" action="findPrevious"/>
	<binding key="&lt;N&gt;" action="findNext"/>
	<binding key="&lt;VolumeDown&gt;" action="touchScrollForward"/>
	<binding key="&lt;VolumeUp&gt;" action="touchScrollBackward"/>
	<binding key="&lt;Ctrl&gt;+&lt;Home&gt;" action="gotoHome"/>
	<binding key="&lt;Home&gt;" action="gotoSectionStart"/>
	<binding key="&lt;End&gt;" action="gotoSectionEnd"/>
	<binding key="&lt;=&gt;" action="increaseFont"/>
	<binding key="&lt;-&gt;" action="decreaseFont"/>
	<binding key="&lt;D&gt;" action="toggleIndicator"/>
	<binding key="&lt;Return&gt;" action="toggleFullscreen"/>
	<binding key="&lt;A&gt;" action="addBook"/>
	<binding key="&lt;I&gt;" action="bookInfo"/>
	<binding key="&lt;R&gt;" action="rotate"/>
	<binding key="&lt;Z&gt;" action="showRecent"/>
	<binding key="&lt;Back&gt;" action="cancel"/>
	<binding key="&lt;Ctrl&gt;+&lt;DownArrow&gt;" action="nextTOCSection"/>
	<binding key="&lt;Ctrl&gt;+&lt;UpArrow&gt;" action="previousTOCSection"/>
	<binding key="&lt;Ctrl&gt;+&lt;C&gt;" action="copyToClipboard"/>
	<binding key="&lt;1&gt;" action="previousBook"/>
</keymap>
