<?xml version="1.0" encoding="UTF-8"?>
<!-- French FBReader resources, by Pierre Senellart -->
<resources>
	<node name="menu">
		<node name="bookInfo" value="Informations sur le livre..."/>
		<node name="toc" value="Table des matières"/>
		<node name="library" value="Bibliothèque">
			<node name="showLibrary" value="Ouvrir"/>
			<node name="previousBook" value="Livre précédent"/>
			<node name="showRecent" value="Récents"/>
			<node name="addBook" value="Ajouter un livre..."/>
			<node name="showHelp" value="À propos de FBReader"/>
		</node>
		<node name="navigate" value="Navigation">
			<node name="gotoHome" value="Aller au début du document"/>
			<node name="gotoPageNumber" value="Go to Page..." toBeTranslated="true"/>
			<node name="gotoSectionStart" value="Aller au début de la section"/>
			<node name="gotoSectionEnd" value="Aller à la fin de la section"/>
			<node name="nextTOCSection" value="Aller à l'entrée suivante de la TDM"/>
			<node name="previousTOCSection" value="Aller à l'entrée précédente de la TDM"/>
			<node name="undo" value="Précédent"/>
			<node name="redo" value="Suivant"/>
		</node>
		<node name="selection" value="Sélection">
			<node name="copyToClipboard" value="Copier dans le presse-papier"/>
			<node name="openInDictionary" value="Ouvrir dans le dictionnaire"/>
			<node name="clearSelection" value="Effacer"/>
		</node>
		<node name="search" value="Recherche">
			<node name="search" value="Rechercher le texte..."/>
			<node name="findNext" value="Rechercher suivant"/>
			<node name="findPrevious" value="Rechercher précédent"/>
		</node>
		<node name="view" value="Affichage">
			<node name="rotate" value="Tourner l'écran"/>
			<node name="toggleFullscreen" value="Plein écran"/>
												<node name="toggleIndicator" value="Afficher/Masquer l'indicateur"/>
		</node>
		<node name="preferences" value="Préférences..."/>
		<node name="quit" value="Fermer"/>
	</node>
	<node name="toolbar">
		<node name="showLibrary" value="Afficher l'arbre de la bibliothèque"/>
		<node name="showRecent" value="Afficher la liste des livres récents"/>
		<node name="addBook" value="Ajouter un livre à la bibliothèque"/>
		<node name="gotoHome" value="Aller au début du texte"/>
		<node name="undo" value="Précédent"/>
		<node name="redo" value="Suivant"/>
		<node name="toc" value="Table des matières"/>
		<node name="search" value="Rechercher"/>
		<node name="findNext" value="Rechercher suivant"/>
		<node name="findPrevious" value="Rechercher précédent"/>
		<node name="bookInfo" value="Afficher les informations sur le livre"/>
		<node name="preferences" value="Afficher les préférences"/>
		<node name="rotate" value="Tourner l'écran"/>
		<node name="showHelp" value="À propos de FBReader"/>
	</node>
	<node name="dialog">
		<node name="button">
			<node name="go" value="O&amp;k"/>
			<node name="thisOnly" value="This only" toBeTranslated="true"/>
			<node name="withSubtags" value="With subtags" toBeTranslated="true"/>
		</node>
		<node name="OptionsDialog">
			<node name="title" value="FBReader - Options"/>
			<node name="tab">
				<node name="Library" value="Bibliothèque">
					<node name="bookPath" value="Chemin des livres"/>
					<node name="lookInSubdirectories" value="Chercher des livres dans les sous-répertoires"/>
					<node name="recentListSize" value="Taille de la liste de livres récents"/>
					<node name="showTags" value="Show Tag Hierarchies" toBeTranslated="true"/>
					<node name="showAllBooksList" value="Show All Books Branch" toBeTranslated="true"/>
				</node>
				<node name="Language" value="Langue">
					<node name="autoDetect" value="Detecter la langue et l'encodage automatiquement"/>
					<node name="defaultLanguage" value="Langue par défaut "/>
					<node name="defaultEncodingSet" value="Ensemble d'encodages par défaut"/>
					<node name="defaultEncoding" value="Encodage par défaut"/>
					<node name="useWindows1252Hack" value="Use windows-1252 instead of iso-8859-1" toBeTranslated="true"/>
				</node>
				<node name="Indicator" value="Indicateur">
					<node name="show" value="Montrer l'indicateur de position"/>
					<node name="height" value="Hauteur de l'indicateur"/>
					<node name="offset" value="Décalage par rapport au texte"/>
					<node name="pageNumber" value="Montrer les numéros de page"/>
					<node name="time" value="Afficher l'heure"/>
					<node name="fontSize" value="Taille de la police"/>
					<node name="tocMarks" value="Afficher les marques de la TDM"/>
					<node name="navigation" value="Autoriser la navigation"/>
				</node>
				<node name="Scrolling" value="Défilement">
					<node name="optionsFor" value="Options pour">
						<node name="large" value="Grands défilements"/>
						<node name="small" value="Petits défilements"/>
						<node name="mouse" value="Défilements à la souris"/>
						<node name="tap" value="Tap Scrollings" toBeTranslated="true"/>
					</node>
					<node name="delay" value="Délai entre défilements, ms"/>
					<node name="mode" value="Mode de défilement">
						<node name="noOverlapping" value="Pas de recouvrement"/>
						<node name="keepLines" value="Conserver des lignes"/>
						<node name="scrollLines" value="Défiler des lignes"/>
						<node name="scrollPercentage" value="Défiler selon un pourcentage"/>
						<node name="disable" value="Désactiver"/>
					</node>
					<node name="linesToKeep" value="Lignes à conserver"/>
					<node name="linesToScroll" value="Lignes à défiler"/>
					<node name="percentToScroll" value="Pourcentage à défiler"/>
					<node name="fingerOnly" value="Scroll on Finger Tap Only" toBeTranslated="true"/>
				</node>
				<node name="Selection" value="Sélection">
					<node name="enableSelection" value="Enable Text Selection" toBeTranslated="true"/>
				</node>
				<node name="Margins" value="Marges">
					<node name="left" value="Marge gauche"/>
					<node name="right" value="Marge droite"/>
					<node name="top" value="Marge haut"/>
					<node name="bottom" value="Marge bas"/>
				</node>
				<node name="Format" value="Format">
					<node name="optionsFor" value="Options pour"/>
					<node name="lineSpacing" value="Interligne">
						<node name="inchangé" value="&lt;inchangé&gt;"/>
					</node>
					<node name="firstLineIndent" value="Alinéa"/>
					<node name="alignment" value="Alignement">
						<node name="left" value="Gauche"/>
						<node name="right" value="Droite"/>
						<node name="center" value="Centré"/>
						<node name="justify" value="Justifié"/>
						<node name="inchangé" value="&lt;inchangé&gt;"/>
					</node>
					<node name="spaceBefore" value="Espace avant"/>
					<node name="spaceAfter" value="Espace après"/>
					<node name="leftIndent" value="Indentation gauche"/>
					<node name="rightIndent" value="Indentation droite"/>
				</node>
				<node name="Styles" value="Styles">
					<node name="optionsFor" value="Options pour"/>
					<node name="fontFamily" value="Famille">
						<node name="inchangée" value="&lt;unchanged&gt;"/>
					</node>
					<node name="fontSize" value="Taille"/>
					<node name="fontSizeDifference" value="Différence de taille"/>
					<node name="bold" value="Gras"/>
					<node name="italic" value="Italique"/>
					<node name="allowHyphenations" value="Autoriser la césure"/>
					<node name="autoHyphenations" value="Césure automatique"/>
				</node>
				<node name="Rotation" value="Rotation">
					<node name="direction" value="Type de rotation">
						<node name="disabled" value="Désactivée"/>
						<node name="clockwise" value="90° (sens des aiguilles)"/>
						<node name="counterclockwise" value="90° (sens inverse des aiguilles)"/>
						<node name="180" value="180°"/>
						<node name="cycle" value="Parcourt les 4 directions"/>
					</node>
				</node>
				<node name="Colors" value="Couleurs">
					<node name="colorFor" value="Couleur pour">
						<node name="background" value="Arrière-plan"/>
						<node name="selectionBackground" value="Arrière-plan de la sélection"/>
						<node name="text" value="Texte normal"/>
						<node name="internalLink" value="Hyperlien interne"/>
						<node name="externalLink" value="Hyperlien externe"/>
						<node name="highlighted" value="Texte mis en valeur"/>
						<node name="treeLines" value="Lignes de l'arbre"/>
						<node name="indicator" value="Indicateur de position"/>
					</node>
				</node>
				<node name="Keys" value="Touches">
					<node name="grabSystemKeys" value="Capturer les touches systèmes"/>
					<node name="separate" value="Les touches dépendent de l'orientation"/>
					<node name="orientation" value="Orientation"/>
					<node name="action">
						<node name="none" value="Aucune"/>
						<node name="showLibrary" value="Afficher la bibliothèque"/>
						<node name="showRecent" value="Afficher les livres récents"/>
						<node name="previousBook" value="Ouvrir le livre précédent"/>
						<node name="toc" value="Afficher la table des matières"/>
						<node name="gotoHome" value="Aller au début"/>
						<node name="gotoSectionStart" value="Aller au début de la section"/>
						<node name="gotoSectionEnd" value="Aller à la fin de la section"/>
						<node name="nextTOCSection" value="Aller à la section précédente de la TDM"/>
						<node name="previousTOCSection" value="Aller à la section suivante de la TDM"/>
						<node name="largeScrollForward" value="Grand défilement vers le bas"/>
						<node name="largeScrollBackward" value="Grand défilement vers le haut"/>
						<node name="smallScrollForward" value="Petit défilement vers le bas"/>
						<node name="smallScrollBackward" value="Petit défilement vers le haut"/>
						<node name="undo" value="Annuler"/>
						<node name="redo" value="Restaurer"/>
						<node name="copyToClipboard" value="Copier la sélection dans le presse-papier"/>
						<node name="openInDictionary" value="Ouvrir la sélection dans le dictionnaire"/>
						<node name="clearSelection" value="Effacer la sélection"/>
						<node name="search" value="Rechercher"/>
						<node name="findPrevious" value="Rechercher précédent"/>
						<node name="findNext" value="Rechercher suivant"/>
						<node name="increaseFont" value="Augmenter la taille de la police"/>
						<node name="decreaseFont" value="Réduire la taille de la police"/>
						<node name="toggleIndicator" value="Afficher/Masquer l'indicateur"/>
						<node name="toggleFullscreen" value="Activer/Désactiver le plein écran"/>
						<node name="onFullscreen" value="Plein écran"/>
						<node name="rotate" value="Tourner l'écran"/>
						<node name="preferences" value="Afficher les options"/>
						<node name="bookInfo" value="Afficher les informations sur le livre"/>
						<node name="addBook" value="Ajouter un livre"/>
						<node name="cancel" value="Annuler"/>
						<node name="quit" value="Quitter"/>
					</node>
					<node name="quitOnCancel" value="Quitter l'application lors d'une annulation"/>
					<node name="keyDelay" value="Délai entre appui sur les touches"/>
				</node>
				<node name="Config" value="Configuration">
					<node name="autoSave" value="Enregistrer l'état automatiquement"/>
					<node name="timeout" value="Délai entre les enregistrements en secondes"/>
				</node>
				<node name="Dictionary" value="Dictionnaire">
					<node name="enableIntegration" value="Activer l'intégration avec %s"/>
					<node name="defaultText" value="Activer l'intégration avec le dictionnaire"/>
					<node name="choice" value="Intégration avec"/>
					<node name="singleClickOpen" value="Ouvrir avec un simple clic"/>
				</node>
				<node name="Web" value="Web">
					<node name="enableIntegration" value="Ouvrir les liens externes dans %s"/>
					<node name="defaultText" value="Ouvrir les liens externes dans le navigateur"/>
					<node name="choice" value="Utiliser le navigateur"/>
					<node name="command" value="Commande à exécuter"/>
				</node>
				<node name="Maemo" value="Maemo">
					<node name="keyActionOnRelease" value="Action on Key Release, not on Key Press" toBeTranslated="true"/>
					<node name="minStylusPressure" value="Minimal Stylus Pressure" toBeTranslated="true"/>
					<node name="maxStylusPressure" value="Maximal Stylus Pressure" toBeTranslated="true"/>
				</node>
			</node>
		</node>
		<node name="InfoDialog">
			<node name="title" value="FBReader - Informations sur le livre"/>
			<node name="tab">
				<node name="Common" value="Général">
					<node name="file" value="Fichier"/>
					<node name="title" value="Titre"/>
					<node name="authorDisplayName" value="Auteur (nom affiché)"/>
					<node name="authorSortKey" value="Auteur (clef de tri)"/>
					<node name="language" value="Langue"/>
					<node name="encodingSet" value="Ensemble d'encodages"/>
					<node name="encoding" value="Encodage"/>
				</node>
				<node name="Series" value="Série">
					<node name="seriesTitle" value="Titre de la série"/>
					<node name="bookNumber" value="Numéro du livre"/>
				</node>
				<node name="Tags" value="Tags" toBeTranslated="true">
					<node name="tags" value="Tag List" toBeTranslated="true"/>
				</node>
				<node name="Text" value="Texte">
					<node name="breakType" value="Fin des paragraphes"/>
					<node name="ignoreIndent" value="Ignorer une indentation inférieure à"/>
					<node name="buildTOC" value="Construire la table des matières"/>
					<node name="emptyLines" value="Lignes vides avant une nouvelle section"/>
				</node>
				<node name="&lt;PRE&gt;" value="&lt;PRE&gt;">
					<node name="breakType" value="Fin des paragraphes"/>
					<node name="ignoreIndent" value="Ignorer une indentation inférieure à"/>
					<node name="buildTOC" value="Construire la table des matières"/>
					<node name="emptyLines" value="Lignes vides avant une novuelle section"/>
				</node>
			</node>
		</node>
		<node name="addFileDialog">
			<node name="title" value="FBReader - Ajouter un livre à la bibliothèque"/>
		</node>
		<node name="textSearchDialog">
			<node name="title" value="Rechercher"/>
			<node name="text" value=""/>
			<node name="ignoreCase" value="&amp;Ignorer la casse"/>
			<node name="wholeText" value="&amp;Dans tout le texte"/>
			<node name="backward" value="&amp;Vers l'arrière"/>
			<node name="currentSection" value="&amp;Cette section seulement"/>
		</node>
		<node name="gotoPageDialog">
			<node name="title" value="Go To Page" toBeTranslated="true"/>
			<node name="pageNumber" value="Go to Page Number" toBeTranslated="true"/>
		</node>
		<node name="editTagInfoDialog">
			<node name="title" value="Edit/Clone Tag" toBeTranslated="true"/>
			<node name="editOrClone" value="Action" toBeTranslated="true">
				<node name="edit" value="Rename Tag" toBeTranslated="true"/>
				<node name="clone" value="Clone Tag" toBeTranslated="true"/>
			</node>
			<node name="name" value="Tag Name" toBeTranslated="true"/>
			<node name="includeSubtags" value="Include Subtags" toBeTranslated="true"/>
		</node>
		<node name="removeBookBox">
			<node name="title" value="Enlever un livre"/>
			<node name="message" value="Enlever le livre &#13;&quot;%s&quot;&#13; de la bibliothèque ?"/>
		</node>
		<node name="removeTagBox">
			<node name="title" value="Remove Tag" toBeTranslated="true"/>
			<node name="message" value="Remove Tag &#8220;%s&#8221;?" toBeTranslated="true"/>
		</node>
		<node name="openBookErrorBox">
			<node name="title" value="Erreur"/>
			<node name="message" value="Impossible d'ouvrir &#13;%s"/>
		</node>
		<node name="noHelpBox">
			<node name="title" value="Erreur"/>
			<node name="message" value="Fichier d'aide non trouvé, désolé"/>
		</node>
		<node name="tagMustBeNonEmpty">
			<node name="title" value="Erreur"/>
			<node name="message" value="Tag name must be a non-empty string" toBeTranslated="true"/>
		</node>
		<node name="tagMustNotContainComma">
			<node name="title" value="Erreur"/>
			<node name="message" value="Tag name must not contain a &#8220;,&#8221; symbol" toBeTranslated="true"/>
		</node>
		<node name="waitMessage">
			<node name="loadingBook" value="Chargement du livre. Veuillez patienter..."/>
			<node name="loadingBookList" value="Chargement de la liste des livres. Veuillez patienter..."/>
			<node name="migrate" value="Upgrading to the new version. Please, wait..." toBeTranslated="true"/>
		</node>
	</node>
	<node name="style">
		<node name="Base" value="Base"/>
		<node name="Regular Paragraph" value="Paragraphe normal"/>
		<node name="Title" value="Titre"/>
		<node name="Section Title" value="Titre de section"/>
		<node name="Poem Title" value="Titre de poème"/>
		<node name="Subtitle" value="Sous-titre"/>
		<node name="Annotation" value="Annotation"/>
		<node name="Epigraph" value="Épigraphe"/>
		<node name="Stanza" value="Strophe"/>
		<node name="Verse" value="Vers"/>
		<node name="Preformatted text" value="Texte préformatté"/>
		<node name="Image" value="Image"/>
		<node name="Cite" value="Citation"/>
		<node name="Author" value="Auteur"/>
		<node name="Date" value="Date"/>
		<node name="Internal Hyperlink" value="Hyperlien interne"/>
		<node name="Footnote" value="Note de bas de page"/>
		<node name="Emphasis" value="Emphase"/>
		<node name="Strong" value="Forte emphase"/>
		<node name="Subscript" value="Indice"/>
		<node name="Superscript" value="Exposant"/>
		<node name="Code" value="Code"/>
		<node name="StrikeThrough" value="Barré"/>
		<node name="Contents Table" value="Table des matières"/>
		<node name="Author in Library" value="Auteur dans la bibliothèque"/>
		<node name="Book in Library" value="Livre dans la bibliothèque"/>
		<node name="Recent Book List" value="Liste des livres récents"/>
		<node name="Italic" value="Italique"/>
		<node name="Bold" value="Gras"/>
		<node name="Definition" value="Définition"/>
		<node name="Definition Description" value="Contenu de la définition"/>
		<node name="Header 1" value="En-tête 1"/>
		<node name="Header 2" value="En-tête 2"/>
		<node name="Header 3" value="En-tête 3"/>
		<node name="Header 4" value="En-tête 4"/>
		<node name="Header 5" value="En-tête 5"/>
		<node name="Header 6" value="En-tête 6"/>
		<node name="External Hyperlink" value="Hyperlien externe"/>
	</node>
	<node name="external">
		<node name="browser" value="Navigateur"/>
		<node name="defaultBrowser" value="Navigateur par défaut"/>
	</node>
	<node name="mobipocketPlugin">
		<node name="unknown" value="Erreur inconnue"/>
		<node name="unsupportedCompressionMethod" value="Méthode de compression non supportée"/>
		<node name="encriptedFile" value="Fichier protégé par MTP"/>
	</node>
	<node name="library">
		<node name="caption" value="Bibliothèque"/>
		<node name="allBooks" value="All Books" toBeTranslated="true"/>
		<node name="booksWithoutTags" value="Books with no Tags" toBeTranslated="true"/>
		<node name="noBooks" value="FBReader found no books in the configured locations. Please specify the path to your books in the Preferences Dialog (&#8220;Library&#8221; tab, &#8220;Book Path&#8221; entry). Alternatively, you can add books to your library using &#8220;Add Book&#8221; button." toBeTranslated="true"/>
	</node>
</resources>
